Candidates,Posterior mean (meV/atom),Posterior std (meV/atom)
Li0Sn1S2Cl0,16.0,26.3
Li0Sn2S4Cl0,16.0,26.3
Li0Sn3S6Cl0,16.0,26.3
Li0Sn4S8Cl0,16.0,26.3
Li3Sn0S0Cl3,17.9,27.5
Li4Sn0S0Cl4,17.9,27.5
Li2Sn0S0Cl2,17.9,27.5
Li1Sn0S0Cl1,17.9,27.5
Li2Sn0S1Cl0,22.9,25.0
Li4Sn0S2Cl0,22.9,25.0
Li6Sn0S3Cl0,22.9,25.0
Li8Sn0S4Cl0,22.9,25.0
Li6Sn0S1Cl4,27.8,25.8
Li5Sn0S1Cl3,29.2,26.1
Li2Sn1S3Cl0,33.4,25.4
Li4Sn2S6Cl0,33.4,25.4
Li6Sn2S7Cl0,35.5,25.6
Li8Sn0S2Cl4,36.1,25.9
Li4Sn0S1Cl2,36.1,25.9
Li4Sn1S4Cl0,41.5,25.5
Li7Sn0S2Cl3,43.8,25.6
Li5Sn1S4Cl1,45.5,24.5
Li7Sn1S4Cl3,45.6,24.7
Li4Sn3S8Cl0,46.3,26.1
Li0Sn1S0Cl4,47.6,28.5
Li6Sn1S4Cl2,48.9,24.5
Li8Sn1S5Cl2,49.0,24.4
Li9Sn0S4Cl1,51.9,25.5
Li6Sn0S2Cl2,53.6,26.3
Li9Sn0S3Cl3,53.6,26.3
Li3Sn0S1Cl1,53.6,26.3
Li5Sn1S3Cl3,53.8,24.5
Li7Sn1S5Cl1,53.9,24.3
Li7Sn0S3Cl1,54.1,25.8
Li6Sn1S3Cl4,54.5,24.6
Li6Sn1S5Cl0,54.6,25.4
Li3Sn1S3Cl1,55.4,24.5
Li6Sn2S6Cl2,55.4,24.5
Li5Sn0S2Cl1,56.3,26.0
Li8Sn0S3Cl2,57.0,25.9
Li1Sn1S1Cl3,58.5,24.9
Li8Sn1S6Cl0,58.9,25.2
Li5Sn2S6Cl1,58.9,24.8
Li0Sn2S2Cl4,60.8,29.3
Li0Sn1S1Cl2,60.8,29.3
Li4Sn1S3Cl2,62.7,24.7
Li2Sn2S5Cl0,64.3,26.3
Li2Sn1S1Cl4,66.5,24.8
Li0Sn3S4Cl4,78.3,27.0
Li2Sn3S7Cl0,83.5,26.5
Li2Sn4S9Cl0,84.9,27.1
Li4Sn1S2Cl4,86.9,24.7
Li5Sn2S5Cl3,89.1,24.8
Li3Sn2S5Cl1,89.9,24.9
Li2Sn2S3Cl4,91.7,25.3
Li1Sn2S3Cl3,92.1,25.1
Li4Sn2S5Cl2,92.6,24.8
Li0Sn2S3Cl2,93.8,27.9
Li0Sn4S6Cl4,93.8,27.9
Li3Sn1S2Cl3,97.5,24.8
Li0Sn3S5Cl2,104.6,27.2
Li4Sn2S4Cl4,105.1,24.7
Li2Sn1S2Cl2,105.1,24.7
Li2Sn3S5Cl4,106.2,25.3
Li3Sn3S7Cl1,106.4,25.6
Li0Sn4S7Cl2,107.0,27.6
Li4Sn3S7Cl2,109.0,24.9
Li1Sn3S5Cl3,111.4,25.7
Li3Sn2S4Cl3,112.2,25.0
Li1Sn4S7Cl3,119.0,25.5
Li1Sn2S4Cl1,127.3,25.4
Li2Sn4S8Cl2,127.3,25.4
Li2Sn3S6Cl2,128.5,25.2
Li2Sn2S4Cl2,132.2,25.4
Li3Sn3S6Cl3,132.2,25.4
Li1Sn1S2Cl1,132.2,25.4
Li1Sn3S6Cl1,134.7,25.1
Li1Sn4S8Cl1,134.7,25.3
